Image,category,Question_ID,subcategory,ID
cockateel__an01819734_5206,Bird,1,cockateel,a
cockateel__1,Bird,2,cockateel,a
cockateel__2,Bird,3,cockateel,a
cockateel__3,Bird,4,cockateel,a
cockateel__4,Bird,5,cockateel,a
cockateel__5,Bird,6,cockateel,a
cockateel__6n01819734_2414,Bird,7,cockateel,a
cockateel__n01819734_12942,Bird,8,cockateel,a
cockateel__n01819734_13066,Bird,9,cockateel,a
cockateel__n01819734_14496,Bird,10,cockateel,a
cockateel__n01819734_16507,Bird,11,cockateel,a
cockateel__n01819734_3858,Bird,12,cockateel,a
cockateel__n01819734_6005,Bird,13,cockateel,a
cockateel__n01819734_8060,Bird,14,cockateel,a
cockateel__n01819734_8158,Bird,15,cockateel,a
cockateel__n01819734_10081,Bird,16,cockateel,a
hawk__n01605630_3599,Bird,1,hawk,a
hawk__1,Bird,2,hawk,a
hawk__2,Bird,3,hawk,a
hawk__3,Bird,4,hawk,a
hawk__n01605630_9788,Bird,5,hawk,a
hawk__n01605630_13517,Bird,6,hawk,a
hawk__n01605630_14899,Bird,7,hawk,a
hawk__n01605630_6816,Bird,8,hawk,a
hawk__6,Bird,9,hawk,a
hawk__n01605630_974,Bird,10,hawk,a
hawk__n01605630_2078,Bird,11,hawk,a
hawk__n01605630_1673,Bird,12,hawk,a
hawk__n01605630_6305,Bird,13,hawk,a
hawk__n01605630_9119,Bird,14,hawk,a
hawk__4,Bird,15,hawk,a
hawk__5,Bird,16,hawk,a
hen__n01514859_3495,Bird,1,hen,a
hen__1,Bird,2,hen,a
hen__2,Bird,3,hen,a
hen__3,Bird,4,hen,a
hen__4,Bird,5,hen,a
hen__5,Bird,6,hen,a
hen__n01514859_3061,Bird,7,hen,a
hen__n01514859_195,Bird,8,hen,a
hen__n01514859_2221,Bird,9,hen,a
hen__n01514859_3197,Bird,10,hen,a
hen__n01514859_5996,Bird,11,hen,a
hen__n01514859_5530,Bird,12,hen,a
hen__n01514859_10911,Bird,13,hen,a
hen__n01514859_11584,Bird,14,hen,a
hen__n01514859_1085,Bird,15,hen,a
hen__n01514859_1689,Bird,16,hen,a
humming__n01833805_13063,Bird,1,hummingbird,a
humming__1,Bird,2,hummingbird,a
humming__2,Bird,3,hummingbird,a
humming__3,Bird,4,hummingbird,a
humming__4,Bird,5,hummingbird,a
humming__n01833805_8383,Bird,6,hummingbird,a
humming__n01833805_1795,Bird,7,hummingbird,a
humming__n01833805_2650,Bird,8,hummingbird,a
humming__n01833805_2891,Bird,9,hummingbird,a
humming__n01833805_3473,Bird,10,hummingbird,a
humming__n01833805_4132,Bird,11,hummingbird,a
humming__n01833805_4222,Bird,12,hummingbird,a
humming__n01833805_4244,Bird,13,hummingbird,a
humming__n01833805_4283,Bird,14,hummingbird,a
humming__n01833805_8543,Bird,15,hummingbird,a
humming__n01833805_592,Bird,16,hummingbird,a
ost__7,Bird,1,ostrich,a
ost__1,Bird,2,ostrich,a
ost__2,Bird,3,ostrich,a
ost__3,Bird,4,ostrich,a
ost__4,Bird,5,ostrich,a
ost__5,Bird,6,ostrich,a
ost__6,Bird,7,ostrich,a
ost__8,Bird,8,ostrich,a
ost__9,Bird,9,ostrich,a
ost__n01518878_1963,Bird,10,ostrich,a
ost__n01518878_2520,Bird,11,ostrich,a
ost__n01518878_3995,Bird,12,ostrich,a
ost__n01518878_4095,Bird,13,ostrich,a
ost__n01518878_4922,Bird,14,ostrich,a
ost__n01518878_5276,Bird,15,ostrich,a
ost__n01518878_8812,Bird,16,ostrich,a
owl__n01625562_2266,Bird,1,owl,a
owl__1,Bird,2,owl,a
owl__9,Bird,3,owl,a
owl__n01625562_5918,Bird,4,owl,a
owl__n01625562_8757,Bird,5,owl,a
owl__n01625562_692,Bird,6,owl,a
owl__n01625562_1417,Bird,7,owl,a
owl__n01625562_887,Bird,8,owl,a
owl__n01625562_3242,Bird,9,owl,a
owl__n01625562_3276,Bird,10,owl,a
owl__n01625562_3320,Bird,11,owl,a
owl__n01625562_3461,Bird,12,owl,a
owl__n01625562_5638,Bird,13,owl,a
owl__n01625562_6097,Bird,14,owl,a
owl__n01625562_8114,Bird,15,owl,a
owl__n01625562_9999,Bird,16,owl,a
swan__n01858441_6455,Bird,1,swan,a
swan__1,Bird,2,swan,a
swan__2,Bird,3,swan,a
swan__3,Bird,4,swan,a
swan__4,Bird,5,swan,a
swan__5,Bird,6,swan,a
swan__6,Bird,7,swan,a
swan__7,Bird,8,swan,a
swan__n01858441_4857,Bird,9,swan,a
swan__n01858441_679,Bird,10,swan,a
swan__n01858441_4756,Bird,11,swan,a
swan__n01858441_6813,Bird,12,swan,a
swan__n01858441_7116,Bird,13,swan,a
swan__n01858441_7135,Bird,14,swan,a
swan__n01858441_7893,Bird,15,swan,a
swan__n01858441_8923,Bird,16,swan,a
vulture__1,Bird,1,vulture,a
vulture__2,Bird,2,vulture,a
vulture__3,Bird,3,vulture,a
vulture__4,Bird,4,vulture,a
vulture__n01616318_4144,Bird,5,vulture,a
vulture__n01616318_1798,Bird,6,vulture,a
vulture__n01616318_2262,Bird,7,vulture,a
vulture__n01616318_2501,Bird,8,vulture,a
vulture__n01616318_3641,Bird,9,vulture,a
vulture__n01616318_5256,Bird,10,vulture,a
vulture__n01616318_7196,Bird,11,vulture,a
vulture__n01616318_8672,Bird,12,vulture,a
vulture__n01616318_12313,Bird,13,vulture,a
vulture__n01616318_12925,Bird,14,vulture,a
vulture__n01616318_264,Bird,15,vulture,a
vulture__n01616318_1589,Bird,16,vulture,a
abyss__n02124313_1669,Cats,1,abyssinian,c
abyss__1,Cats,2,abyssinian,c
abyss__2,Cats,3,abyssinian,c
abyss__3,Cats,4,abyssinian,c
abyss__4,Cats,5,abyssinian,c
abyss__n02124313_305,Cats,6,abyssinian,c
abyss__n02124313_1141,Cats,7,abyssinian,c
abyss__n02124313_1484,Cats,8,abyssinian,c
abyss__n02124313_1489,Cats,9,abyssinian,c
abyss__n02124313_1541,Cats,10,abyssinian,c
abyss__n02124313_1022,Cats,11,abyssinian,c
abyss__n02124313_105,Cats,12,abyssinian,c
abyss__n02124313_569,Cats,13,abyssinian,c
abyss__n02124313_595,Cats,14,abyssinian,c
abyss__n02124313_780,Cats,15,abyssinian,c
abyss__n02124313_909,Cats,16,abyssinian,c
angora__n02123478_2121,Cats,1,angora,c
angora__1,Cats,2,angora,c
angora__2,Cats,3,angora,c
angora__3,Cats,4,angora,c
angora__4,Cats,5,angora,c
angora__5,Cats,6,angora,c
angora__n02123478_6579,Cats,7,angora,c
angora__n02123478_2712,Cats,8,angora,c
angora__n02123478_3206,Cats,9,angora,c
angora__n02123478_5473,Cats,10,angora,c
angora__n02123478_7454,Cats,11,angora,c
angora__n02123478_7736,Cats,12,angora,c
angora__n02123478_10293,Cats,13,angora,c
angora__n02123478_12328,Cats,14,angora,c
angora__n02123478_40,Cats,15,angora,c
angora__n02123478_3147,Cats,16,angora,c
egyptian__3,Cats,1,egyptian,c
egyptian__2,Cats,2,egyptian,c
egyptian__4,Cats,3,egyptian,c
egyptian__5,Cats,4,egyptian,c
egyptian__6,Cats,5,egyptian,c
egyptian__n02124075_2308,Cats,6,egyptian,c
egyptian__n02124075_2080,Cats,7,egyptian,c
egyptian__n02124075_2685,Cats,8,egyptian,c
egyptian__n02124075_3973,Cats,9,egyptian,c
egyptian__n02124075_5067,Cats,10,egyptian,c
egyptian__n02124075_5349,Cats,11,egyptian,c
egyptian__n02124075_8383,Cats,12,egyptian,c
egyptian__n02124075_10034,Cats,13,egyptian,c
egyptian__n02124075_10694,Cats,14,egyptian,c
egyptian__n02124075_191,Cats,15,egyptian,c
egyptian__n02124075_1121,Cats,16,egyptian,c
manx__6,Cats,1,manx,c
manx__1,Cats,2,manx,c
manx__10,Cats,3,manx,c
manx__7,Cats,4,manx,c
manx__8,Cats,5,manx,c
manx__9,Cats,6,manx,c
manx__11,Cats,7,manx,c
manx__12,Cats,8,manx,c
manx__13,Cats,9,manx,c
manx__2,Cats,10,manx,c
manx__3,Cats,11,manx,c
manx__4,Cats,12,manx,c
manx__5,Cats,13,manx,c
manx__n02124484_1766,Cats,14,manx,c
manx__n02124484_8341,Cats,15,manx,c
manx__n02124484_8756,Cats,16,manx,c
persian__n02123394_2274,Cats,1,persian,c
persian__1,Cats,2,persian,c
persian__2,Cats,3,persian,c
persian__3,Cats,4,persian,c
persian__n02123394_4682,Cats,5,persian,c
persian__n02123394_719,Cats,6,persian,c
persian__n02123394_1036,Cats,7,persian,c
persian__n02123394_1164,Cats,8,persian,c
persian__n02123394_1602,Cats,9,persian,c
persian__n02123394_2124,Cats,10,persian,c
persian__n02123394_2143,Cats,11,persian,c
persian__n02123394_2429,Cats,12,persian,c
persian__n02123394_2456,Cats,13,persian,c
persian__n02123394_2709,Cats,14,persian,c
persian__n02123394_4612,Cats,15,persian,c
persian__n02123394_8860,Cats,16,persian,c
siamese__n02123597_5127,Cats,1,siamese,c
siamese__1,Cats,2,siamese,c
siamese__2,Cats,3,siamese,c
siamese__3,Cats,4,siamese,c
siamese__4,Cats,5,siamese,c
siamese__5,Cats,6,siamese,c
siamese__n02123597_6398,Cats,7,siamese,c
siamese__n02123597_578,Cats,8,siamese,c
siamese__n02123597_1141,Cats,9,siamese,c
siamese__n02123597_1516,Cats,10,siamese,c
siamese__n02123597_1673,Cats,11,siamese,c
siamese__n02123597_4586,Cats,12,siamese,c
siamese__n02123597_4893,Cats,13,siamese,c
siamese__n02123597_4931,Cats,14,siamese,c
siamese__n02123597_14267,Cats,15,siamese,c
siamese__n02123597_1192,Cats,16,siamese,c
spyhnx__,Cats,1,sphynx,c
spyhnx___kitten_BabyRah23,Cats,2,sphynx,c
spyhnx__-cat-1,Cats,3,sphynx,c
spyhnx__-cat-3,Cats,4,sphynx,c
spyhnx__-kitten-hungry,Cats,5,sphynx,c
spyhnx___cats_main,Cats,6,sphynx,c
spyhnx__2,Cats,7,sphynx,c
spyhnx__4,Cats,8,sphynx,c
spyhnx__5,Cats,9,sphynx,c
spyhnx__6,Cats,10,sphynx,c
spyhnx__208spyhnxwithtoyashx,Cats,11,sphynx,c
spyhnx__3,Cats,12,sphynx,c
spyhnx__Canadian-spyhnx-cat-1-,Cats,13,sphynx,c
spyhnx__hairless,Cats,14,sphynx,c
spyhnx__spyhnx-Cat,Cats,15,sphynx,c
spyhnx__troy-snow-blue-spyhnx-300,Cats,16,sphynx,c
tort__n02123242_1310,Cats,1,tortishell,c
tort__1,Cats,2,tortishell,c
tort__2,Cats,3,tortishell,c
tort__n02123242_2720,Cats,4,tortishell,c
tort__n02123242_14533,Cats,5,tortishell,c
tort__n02123242_867,Cats,6,tortishell,c
tort__n02123242_1137,Cats,7,tortishell,c
tort__n02123242_1874,Cats,8,tortishell,c
tort__n02123242_2813,Cats,9,tortishell,c
tort__n02123242_3408,Cats,10,tortishell,c
tort__n02123242_6881,Cats,11,tortishell,c
tort__n02123242_10929,Cats,12,tortishell,c
tort__n02123242_249,Cats,13,tortishell,c
tort__n02123242_1192,Cats,14,tortishell,c
tort__tshell1,Cats,15,tortishell,c
tort__tshell2,Cats,16,tortishell,c
chihuahua__n02085620_1341_obj1,Dogs,1,chihuahua,d
chihuahua__n02085620_921_obj1,Dogs,2,chihuahua,d
chihuahua__n02085620_4016_obj1,Dogs,3,chihuahua,d
chihuahua__n02085620_4266_obj1,Dogs,4,chihuahua,d
chihuahua__n02085620_7436_obj1,Dogs,5,chihuahua,d
chihuahua__n02085620_566_obj1,Dogs,6,chihuahua,d
chihuahua__n02085620_574_obj1,Dogs,7,chihuahua,d
chihuahua__n02085620_242_obj1,Dogs,8,chihuahua,d
chihuahua__n02085620_1558_obj1,Dogs,9,chihuahua,d
chihuahua__n02085620_2113_obj1,Dogs,10,chihuahua,d
chihuahua__n02085620_2815_obj1,Dogs,11,chihuahua,d
chihuahua__n02085620_3732_obj1,Dogs,12,chihuahua,d
chihuahua__n02085620_3843_obj1,Dogs,13,chihuahua,d
chihuahua__n02085620_3928_obj1,Dogs,14,chihuahua,d
chihuahua__n02085620_3942_obj1,Dogs,15,chihuahua,d
chihuahua__n02085620_4410_obj1,Dogs,16,chihuahua,d
komondor__n02105505_475_obj1,Dogs,1,komondor,d
komondor__n02105505_3634_obj1,Dogs,2,komondor,d
komondor__n02105505_4115_obj1,Dogs,3,komondor,d
komondor__n02105505_4329_obj1,Dogs,4,komondor,d
komondor__n02105505_46_obj1,Dogs,5,komondor,d
komondor__n02105505_3967_obj1,Dogs,6,komondor,d
komondor__n02105505_938_obj1,Dogs,7,komondor,d
komondor__n02105505_946_obj1,Dogs,8,komondor,d
komondor__n02105505_1090_obj1,Dogs,9,komondor,d
komondor__n02105505_1159_obj1,Dogs,10,komondor,d
komondor__n02105505_2043_obj1,Dogs,11,komondor,d
komondor__n02105505_2069_obj1,Dogs,12,komondor,d
komondor__n02105505_2489_obj1,Dogs,13,komondor,d
komondor__n02105505_2548_obj1,Dogs,14,komondor,d
komondor__n02105505_2992_obj1,Dogs,15,komondor,d
komondor__n02105505_3050_obj1,Dogs,16,komondor,d
malamute__n02110063_49_obj1,Dogs,1,malamute,d
malamute__n02110063_4432_obj1,Dogs,2,malamute,d
malamute__n02110063_14895_obj1,Dogs,3,malamute,d
malamute__n02110063_6083_obj1,Dogs,4,malamute,d
malamute__n02110063_4103_obj1,Dogs,5,malamute,d
malamute__n02110063_4873_obj1,Dogs,6,malamute,d
malamute__n02110063_5727_obj1,Dogs,7,malamute,d
malamute__n02110063_5828_obj1,Dogs,8,malamute,d
malamute__n02110063_7911_obj1,Dogs,9,malamute,d
malamute__n02110063_10751_obj1,Dogs,10,malamute,d
malamute__n02110063_10965_obj1,Dogs,11,malamute,d
malamute__n02110063_13625_obj1,Dogs,12,malamute,d
malamute__n02110063_210_obj1,Dogs,13,malamute,d
malamute__n02110063_938_obj1,Dogs,14,malamute,d
malamute__n02110063_1034_obj1,Dogs,15,malamute,d
malamute__n02110063_1994_obj1,Dogs,16,malamute,d
mastiff__n02108254_10037_obj1,Dogs,1,mastiff,d
mastiff__n02108254_10063_obj1,Dogs,2,mastiff,d
mastiff__n02108254_10209_obj1,Dogs,3,mastiff,d
mastiff__n02108254_10831_obj1,Dogs,4,mastiff,d
mastiff__n02108254_10310_obj1,Dogs,5,mastiff,d
mastiff__n02108254_133_obj1,Dogs,6,mastiff,d
mastiff__n02108254_10357_obj1,Dogs,7,mastiff,d
mastiff__n02108254_10947_obj1,Dogs,8,mastiff,d
mastiff__n02108254_10994_obj1,Dogs,9,mastiff,d
mastiff__n02108254_187_obj1,Dogs,10,mastiff,d
mastiff__n02108254_472_obj1,Dogs,11,mastiff,d
mastiff__n02108254_641_obj1,Dogs,12,mastiff,d
mastiff__n02108254_1301_obj1,Dogs,13,mastiff,d
mastiff__n02108254_3802_obj1,Dogs,14,mastiff,d
mastiff__n02108254_6555_obj1,Dogs,15,mastiff,d
mastiff__n02108254_7928_obj1,Dogs,16,mastiff,d
pug__n02110958_11958_obj1,Dogs,1,pug,d
pug__n02110958_13256_obj1,Dogs,2,pug,d
pug__n02110958_14996_obj1,Dogs,3,pug,d
pug__n02110958_12447_obj1,Dogs,4,pug,d
pug__n02110958_12692_obj1,Dogs,5,pug,d
pug__n02110958_14310_obj1,Dogs,6,pug,d
pug__n02110958_15352_obj1,Dogs,7,pug,d
pug__n02110958_15449_obj1,Dogs,8,pug,d
pug__n02110958_589_obj1,Dogs,9,pug,d
pug__n02110958_1822_obj1,Dogs,10,pug,d
pug__n02110958_1975_obj1,Dogs,11,pug,d
pug__n02110958_3644_obj1,Dogs,12,pug,d
pug__n02110958_8627_obj1,Dogs,13,pug,d
pug__n02110958_8979_obj1,Dogs,14,pug,d
pug__n02110958_353_obj1,Dogs,15,pug,d
pug__n02110958_12350_obj1,Dogs,16,pug,d
schipperke__n02104365_9401_obj1,Dogs,1,schipperke,d
schipperke__n02104365_6395_obj1,Dogs,2,schipperke,d
schipperke__n02104365_6732_obj1,Dogs,3,schipperke,d
schipperke__n02104365_7953_obj1,Dogs,4,schipperke,d
schipperke__n02104365_683_obj1,Dogs,5,schipperke,d
schipperke__n02104365_712_obj1,Dogs,6,schipperke,d
schipperke__n02104365_4190_obj1,Dogs,7,schipperke,d
schipperke__n02104365_4747_obj1,Dogs,8,schipperke,d
schipperke__n02104365_5740_obj1,Dogs,9,schipperke,d
schipperke__n02104365_6098_obj1,Dogs,10,schipperke,d
schipperke__n02104365_6667_obj1,Dogs,11,schipperke,d
schipperke__n02104365_7063_obj1,Dogs,12,schipperke,d
schipperke__n02104365_9552_obj1,Dogs,13,schipperke,d
schipperke__n02104365_9562_obj1,Dogs,14,schipperke,d
schipperke__n02104365_10606_obj1,Dogs,15,schipperke,d
schipperke__n02104365_67_obj1,Dogs,16,schipperke,d
schnauzer__n02096756_9691_obj1,Dogs,1,schnauzer,d
schnauzer__n02096756_10651_obj1,Dogs,2,schnauzer,d
schnauzer__n02096756_11067_obj1,Dogs,3,schnauzer,d
schnauzer__n02096756_9483_obj1,Dogs,4,schnauzer,d
schnauzer__n02096756_13469_obj1,Dogs,5,schnauzer,d
schnauzer__n02096756_11236_obj1,Dogs,6,schnauzer,d
schnauzer__n02096756_11468_obj1,Dogs,7,schnauzer,d
schnauzer__n02096756_11503_obj1,Dogs,8,schnauzer,d
schnauzer__n02096756_11739_obj1,Dogs,9,schnauzer,d
schnauzer__n02096756_402_obj1,Dogs,10,schnauzer,d
schnauzer__n02096756_449_obj1,Dogs,11,schnauzer,d
schnauzer__n02096756_1511_obj1,Dogs,12,schnauzer,d
schnauzer__n02096756_2847_obj1,Dogs,13,schnauzer,d
schnauzer__n02096756_5000_obj1,Dogs,14,schnauzer,d
schnauzer__n02096756_6747_obj1,Dogs,15,schnauzer,d
schnauzer__n02096756_7246_obj1,Dogs,16,schnauzer,d
welsh__n02112826_1051_obj1,Dogs,1,welsh,d
welsh__n02112826_165_obj1,Dogs,2,welsh,d
welsh__n02112826_3665_obj1,Dogs,3,welsh,d
welsh__n02112826_5004_obj1,Dogs,4,welsh,d
welsh__n02112826_13237_obj1,Dogs,5,welsh,d
welsh__n02112826_477_obj1,Dogs,6,welsh,d
welsh__n02112826_970_obj1,Dogs,7,welsh,d
welsh__n02112826_1060_obj1,Dogs,8,welsh,d
welsh__n02112826_1378_obj1,Dogs,9,welsh,d
welsh__n02112826_3263_obj1,Dogs,10,welsh,d
welsh__n02112826_3779_obj1,Dogs,11,welsh,d
welsh__n02112826_5932_obj1,Dogs,12,welsh,d
welsh__n02112826_5983_obj1,Dogs,13,welsh,d
welsh__n02112826_8383_obj1,Dogs,14,welsh,d
welsh__n02112826_9485_obj1,Dogs,15,welsh,d
welsh__n02112826_550_obj1,Dogs,16,welsh,d
angel__5,Fish,1,angelfish,e
angel__1,Fish,2,angelfish,e
angel__2,Fish,3,angelfish,e
angel__3,Fish,4,angelfish,e
angel__4,Fish,5,angelfish,e
angel__n02605936_250,Fish,6,angelfish,e
angel__n02605936_253,Fish,7,angelfish,e
angel__n02605936_30,Fish,8,angelfish,e
angel__n02605936_34,Fish,9,angelfish,e
angel__n02605936_196,Fish,10,angelfish,e
angel__n02605936_581,Fish,11,angelfish,e
angel__n02605936_719,Fish,12,angelfish,e
angel__n02605936_733,Fish,13,angelfish,e
angel__n02605936_741,Fish,14,angelfish,e
angel__n02605936_856,Fish,15,angelfish,e
angel__n02605936_860,Fish,16,angelfish,e
catfish__13,Fish,1,catfish,e
catfish__1,Fish,2,catfish,e
catfish__6,Fish,3,catfish,e
catfish__7,Fish,4,catfish,e
catfish__8,Fish,5,catfish,e
catfish__9,Fish,6,catfish,e
catfish__10,Fish,7,catfish,e
catfish__11,Fish,8,catfish,e
catfish__12,Fish,9,catfish,e
catfish__5,Fish,10,catfish,e
catfish__2,Fish,11,catfish,e
catfish__3,Fish,12,catfish,e
catfish__4,Fish,13,catfish,e
catfish__n02517442_102,Fish,14,catfish,e
catfish__n02517442_214,Fish,15,catfish,e
catfish__n02517442_850,Fish,16,catfish,e
clown__fish12,Fish,1,clownfish,e
clown__-fish-picture-1,Fish,2,clownfish,e
clown__fish8,Fish,3,clownfish,e
clown__fish,Fish,4,clownfish,e
clown__fish1,Fish,5,clownfish,e
clown__fish6,Fish,6,clownfish,e
clown__fish7,Fish,7,clownfish,e
clown__fish9,Fish,8,clownfish,e
clown__fish10,Fish,9,clownfish,e
clown__fish11,Fish,10,clownfish,e
clown__fish4,Fish,11,clownfish,e
clown__fish13,Fish,12,clownfish,e
clown__fish300a,Fish,13,clownfish,e
clown__fish2,Fish,14,clownfish,e
clown__fish3,Fish,15,clownfish,e
clown__fish5,Fish,16,clownfish,e
flying__4,Fish,1,flyingfish,e
flying__1,Fish,2,flyingfish,e
flying__6,Fish,3,flyingfish,e
flying__5,Fish,4,flyingfish,e
flying__7,Fish,5,flyingfish,e
flying__8,Fish,6,flyingfish,e
flying__9,Fish,7,flyingfish,e
flying__10,Fish,8,flyingfish,e
flying__11,Fish,9,flyingfish,e
flying__2,Fish,10,flyingfish,e
flying__3,Fish,11,flyingfish,e
flying__n02550460_2297,Fish,12,flyingfish,e
flying__n02550460_2362,Fish,13,flyingfish,e
flying__n02550460_3545,Fish,14,flyingfish,e
flying__n02550460_5072,Fish,15,flyingfish,e
flying__n02550460_5841,Fish,16,flyingfish,e
gold__7,Fish,1,goldfish,e
gold__1,Fish,2,goldfish,e
gold__3,Fish,3,goldfish,e
gold__4,Fish,4,goldfish,e
gold__5,Fish,5,goldfish,e
gold__6,Fish,6,goldfish,e
gold__8,Fish,7,goldfish,e
gold__9,Fish,8,goldfish,e
gold__10,Fish,9,goldfish,e
gold__2,Fish,10,goldfish,e
gold__n01443537_244,Fish,11,goldfish,e
gold__n01443537_288,Fish,12,goldfish,e
gold__n01443537_395,Fish,13,goldfish,e
gold__n01443537_518,Fish,14,goldfish,e
gold__n01443537_522,Fish,15,goldfish,e
gold__n01443537_597,Fish,16,goldfish,e
aneed__2,Fish,1,needlefish,e
aneed__1,Fish,2,needlefish,e
aneed__7,Fish,3,needlefish,e
aneed__8,Fish,4,needlefish,e
aneed__9,Fish,5,needlefish,e
aneed__10,Fish,6,needlefish,e
aneed__11,Fish,7,needlefish,e
aneed__12,Fish,8,needlefish,e
aneed__13,Fish,9,needlefish,e
aneed__6,Fish,10,needlefish,e
aneed__3,Fish,11,needlefish,e
aneed__4,Fish,12,needlefish,e
aneed__5,Fish,13,needlefish,e
aneed__n02549989_1001,Fish,14,needlefish,e
aneed__n02549989_1641,Fish,15,needlefish,e
aneed__n02549989_328,Fish,16,needlefish,e
puffer__n02655020_963,Fish,1,pufferfish,e
puffer__1,Fish,2,pufferfish,e
puffer__2,Fish,3,pufferfish,e
puffer__3,Fish,4,pufferfish,e
puffer__4,Fish,5,pufferfish,e
puffer__5,Fish,6,pufferfish,e
puffer__6,Fish,7,pufferfish,e
puffer__7,Fish,8,pufferfish,e
puffer__8,Fish,9,pufferfish,e
puffer__9,Fish,10,pufferfish,e
puffer__n02655020_117,Fish,11,pufferfish,e
puffer__n02655020_317,Fish,12,pufferfish,e
puffer__n02655020_438,Fish,13,pufferfish,e
puffer__n02655020_535,Fish,14,pufferfish,e
puffer__n02655020_696,Fish,15,pufferfish,e
puffer__n02655020_858,Fish,16,pufferfish,e
sturgeon__5,Fish,1,sturgeon,e
sturgeon__1,Fish,2,sturgeon,e
sturgeon__3,Fish,3,sturgeon,e
sturgeon__4,Fish,4,sturgeon,e
sturgeon__6,Fish,5,sturgeon,e
sturgeon__7,Fish,6,sturgeon,e
sturgeon__8,Fish,7,sturgeon,e
sturgeon__9,Fish,8,sturgeon,e
sturgeon__10,Fish,9,sturgeon,e
sturgeon__2,Fish,10,sturgeon,e
sturgeon__n02640242_103,Fish,11,sturgeon,e
sturgeon__n02640242_1683,Fish,12,sturgeon,e
sturgeon__n02640242_2132,Fish,13,sturgeon,e
sturgeon__n02640242_448,Fish,14,sturgeon,e
sturgeon__n02640242_999,Fish,15,sturgeon,e
sturgeon__n02640242_1056,Fish,16,sturgeon,e
carriern02687172_2042,Boats,1,aircraftcarrier,f
carriern02687172_2016,Boats,2,aircraftcarrier,f
carriern02687172_1414,Boats,3,aircraftcarrier,f
carriern02687172_2069,Boats,4,aircraftcarrier,f
carriern02687172_2074,Boats,5,aircraftcarrier,f
carriern02687172_2104,Boats,6,aircraftcarrier,f
carriern02687172_216,Boats,7,aircraftcarrier,f
carriern02687172_256,Boats,8,aircraftcarrier,f
carriern02687172_311,Boats,9,aircraftcarrier,f
carriern02687172_603,Boats,10,aircraftcarrier,f
carriern02687172_811,Boats,11,aircraftcarrier,f
carriern02687172_1204,Boats,12,aircraftcarrier,f
carriern02687172_1350,Boats,13,aircraftcarrier,f
carriern02687172_1509,Boats,14,aircraftcarrier,f
carriern02687172_1823,Boats,15,aircraftcarrier,f
carriern02687172_1960,Boats,16,aircraftcarrier,f
battle__n02812201_690,Boats,1,battleship,f
battle__b1,Boats,2,battleship,f
battle__b2,Boats,3,battleship,f
battle__b3,Boats,4,battleship,f
battle__b4,Boats,5,battleship,f
battle__b5,Boats,6,battleship,f
battle__b6,Boats,7,battleship,f
battle__b7,Boats,8,battleship,f
battle__b8,Boats,9,battleship,f
battle__n02812201_1154,Boats,10,battleship,f
battle__n02812201_1111,Boats,11,battleship,f
battle__n02812201_1695,Boats,12,battleship,f
battle__n02812201_45,Boats,13,battleship,f
battle__n02812201_334,Boats,14,battleship,f
battle__n02812201_1524,Boats,15,battleship,f
battle__n02812201_830,Boats,16,battleship,f
canoe__n02951358_1800,Boats,1,canoe,f
canoe__c1,Boats,2,canoe,f
canoe__c2,Boats,3,canoe,f
canoe__c3,Boats,4,canoe,f
canoe__c4,Boats,5,canoe,f
canoe__n02951358_2869,Boats,6,canoe,f
canoe__n02951358_3840,Boats,7,canoe,f
canoe__n02951358_4496,Boats,8,canoe,f
canoe__n02951358_343,Boats,9,canoe,f
canoe__n02951358_863,Boats,10,canoe,f
canoe__n02951358_1212,Boats,11,canoe,f
canoe__n02951358_537,Boats,12,canoe,f
canoe__n02951358_2402,Boats,13,canoe,f
canoe__n02951358_2654,Boats,14,canoe,f
canoe__n02951358_2899,Boats,15,canoe,f
canoe__n02951358_3427,Boats,16,canoe,f
cruise__n3,Boats,1,cruiseliner,f
cruise__n7,Boats,2,cruiseliner,f
cruise__n9,Boats,3,cruiseliner,f
cruise__n03141327_472,Boats,4,cruiseliner,f
cruise__n03141327_484,Boats,5,cruiseliner,f
cruise__n03141327_608,Boats,6,cruiseliner,f
cruise__n03141327_700,Boats,7,cruiseliner,f
cruise__n03141327_735,Boats,8,cruiseliner,f
cruise__n03141327_1097,Boats,9,cruiseliner,f
cruise__n8,Boats,10,cruiseliner,f
cruise__n2,Boats,11,cruiseliner,f
cruise__n10,Boats,12,cruiseliner,f
cruise__n4,Boats,13,cruiseliner,f
cruise__n5,Boats,14,cruiseliner,f
cruise__n6,Boats,15,cruiseliner,f
cruise__n1,Boats,16,cruiseliner,f
galleon__g2,Boats,1,galleon,f
galleon__g1,Boats,2,galleon,f
galleon__g3,Boats,3,galleon,f
galleon__g4,Boats,4,galleon,f
galleon__g5,Boats,5,galleon,f
galleon__n03411339_10106,Boats,6,galleon,f
galleon__n03411339_2803,Boats,7,galleon,f
galleon__n03411339_3231,Boats,8,galleon,f
galleon__n03411339_4090,Boats,9,galleon,f
galleon__n03411339_4256,Boats,10,galleon,f
galleon__n03411339_5514,Boats,11,galleon,f
galleon__n03411339_6119,Boats,12,galleon,f
galleon__n03411339_6291,Boats,13,galleon,f
galleon__n03411339_6447,Boats,14,galleon,f
galleon__n03411339_6557,Boats,15,galleon,f
galleon__n03411339_770,Boats,16,galleon,f
icebreaker__n03556992_1842,Boats,1,icebreaker,f
icebreaker__i1,Boats,2,icebreaker,f
icebreaker__i3,Boats,3,icebreaker,f
icebreaker__i4,Boats,4,icebreaker,f
icebreaker__i5,Boats,5,icebreaker,f
icebreaker__i6,Boats,6,icebreaker,f
icebreaker__i7,Boats,7,icebreaker,f
icebreaker__i8,Boats,8,icebreaker,f
icebreaker__i9,Boats,9,icebreaker,f
icebreaker__i10,Boats,10,icebreaker,f
icebreaker__i2,Boats,11,icebreaker,f
icebreaker__n03556992_1963,Boats,12,icebreaker,f
icebreaker__n03556992_2173,Boats,13,icebreaker,f
icebreaker__n03556992_2352,Boats,14,icebreaker,f
icebreaker__n03556992_2644,Boats,15,icebreaker,f
icebreaker__n03556992_2857,Boats,16,icebreaker,f
row__r9,Boats,1,rowboat,f
row__n03199901_3493,Boats,2,rowboat,f
row__n03199901_9609,Boats,3,rowboat,f
row__n03199901_928,Boats,4,rowboat,f
row__n03199901_1404,Boats,5,rowboat,f
row__n03199901_9021,Boats,6,rowboat,f
row__n03199901_10469,Boats,7,rowboat,f
row__n03199901_652,Boats,8,rowboat,f
row__r1,Boats,9,rowboat,f
row__r3,Boats,10,rowboat,f
row__r4,Boats,11,rowboat,f
row__r5,Boats,12,rowboat,f
row__r7,Boats,13,rowboat,f
row__r8,Boats,14,rowboat,f
row__r10,Boats,15,rowboat,f
row__r2,Boats,16,rowboat,f
sail__s2,Boats,1,sailboat,f
sail__n04128499_2119,Boats,2,sailboat,f
sail__n04128499_504,Boats,3,sailboat,f
sail__n04128499_1743,Boats,4,sailboat,f
sail__n04128499_1933,Boats,5,sailboat,f
sail__s1,Boats,6,sailboat,f
sail__s6,Boats,7,sailboat,f
sail__s7,Boats,8,sailboat,f
sail__s8,Boats,9,sailboat,f
sail__s9,Boats,10,sailboat,f
sail__s10,Boats,11,sailboat,f
sail__s11,Boats,12,sailboat,f
sail__s12,Boats,13,sailboat,f
sail__s5,Boats,14,sailboat,f
sail__s3,Boats,15,sailboat,f
sail__s4,Boats,16,sailboat,f
antique__n03777568_267,Cars,1,antique,g
antique__n03777568_57,Cars,2,antique,g
antique__n03777568_319,Cars,3,antique,g
antique__n03777568_327,Cars,4,antique,g
antique__n03777568_361,Cars,5,antique,g
antique__n03777568_465,Cars,6,antique,g
antique__n03777568_24,Cars,7,antique,g
antique__n03777568_63,Cars,8,antique,g
antique__n03777568_81,Cars,9,antique,g
antique__n03777568_92,Cars,10,antique,g
antique__n03777568_215,Cars,11,antique,g
antique__n03777568_243,Cars,12,antique,g
antique__n03777568_244,Cars,13,antique,g
antique__n03777568_249,Cars,14,antique,g
antique__n03777568_242,Cars,15,antique,g
antique__n03777568_308,Cars,16,antique,g
limo__n03670208_647,Cars,1,limousine,g
limo__n03670208_163,Cars,2,limousine,g
limo__n03670208_521,Cars,3,limousine,g
limo__n03670208_893,Cars,4,limousine,g
limo__n03670208_65,Cars,5,limousine,g
limo__n03670208_78,Cars,6,limousine,g
limo__n03670208_182,Cars,7,limousine,g
limo__n03670208_282,Cars,8,limousine,g
limo__n03670208_285,Cars,9,limousine,g
limo__n03670208_290,Cars,10,limousine,g
limo__n03670208_309,Cars,11,limousine,g
limo__n03670208_721,Cars,12,limousine,g
limo__n03670208_745,Cars,13,limousine,g
limo__n03670208_911,Cars,14,limousine,g
limo__n03670208_1086,Cars,15,limousine,g
limo__n03670208_21,Cars,16,limousine,g
mini__n03770085_276,Cars,1,mini,g
mini__n03770085_52,Cars,2,mini,g
mini__n03770085_79,Cars,3,mini,g
mini__n03770085_675,Cars,4,mini,g
mini__n03770085_20,Cars,5,mini,g
minin03770085_184,Cars,6,mini,g
minin03770085_185,Cars,7,mini,g
mini__n03770085_114,Cars,8,mini,g
minin03770085_374,Cars,9,mini,g
mini__n03770085_357,Cars,10,mini,g
mini__n03770085_524,Cars,11,mini,g
minin03770085_621,Cars,12,mini,g
mini__n03770085_530,Cars,13,mini,g
mini__n03770085_940,Cars,14,mini,g
mini__n03770085_949,Cars,15,mini,g
mini__n03770085_951,Cars,16,mini,g
mvan__n03770679_35,Cars,1,minivan,g
mvan__n03770679_184,Cars,2,minivan,g
mvan__n03770679_536,Cars,3,minivan,g
mvan__n03770679_23,Cars,4,minivan,g
mvan__n03770679_329,Cars,5,minivan,g
mvan__n03770679_59,Cars,6,minivan,g
mvan__n03770679_122,Cars,7,minivan,g
mvan__n03770679_164,Cars,8,minivan,g
mvan__n03770679_209,Cars,9,minivan,g
mvan__n03770679_227,Cars,10,minivan,g
mvan__n03770679_286,Cars,11,minivan,g
mvan__n03770679_339,Cars,12,minivan,g
mvan__n03770679_360,Cars,13,minivan,g
mvan__n03770679_460,Cars,14,minivan,g
mvan__n03770679_461,Cars,15,minivan,g
mvan__n03770679_505,Cars,16,minivan,g
racing__n04037443_428,Cars,1,racecar,g
racing__n04037443_805,Cars,2,racecar,g
racing__n04037443_1251,Cars,3,racecar,g
racing__n04037443_1458,Cars,4,racecar,g
racing__n04037443_65,Cars,5,racecar,g
racing__n04037443_297,Cars,6,racecar,g
racing__n04037443_390,Cars,7,racecar,g
racing__n04037443_1216,Cars,8,racecar,g
racing__n04037443_878,Cars,9,racecar,g
racing__n04037443_1676,Cars,10,racecar,g
racing__n04037443_1875,Cars,11,racecar,g
racing__n04037443_33,Cars,12,racecar,g
racing__n04037443_63,Cars,13,racecar,g
racing__n04037443_135,Cars,14,racecar,g
racing__n04037443_232,Cars,15,racecar,g
racing__n04037443_233,Cars,16,racecar,g
sedan__n04166281_50,Cars,1,sedan,g
sedan__n04166281_603,Cars,2,sedan,g
sedan__n04166281_623,Cars,3,sedan,g
sedan__n04166281_365,Cars,4,sedan,g
sedan__n04166281_69,Cars,5,sedan,g
sedan__n04166281_73,Cars,6,sedan,g
sedan__n04166281_104,Cars,7,sedan,g
sedan__n04166281_132,Cars,8,sedan,g
sedan__n04166281_171,Cars,9,sedan,g
sedan__n04166281_219,Cars,10,sedan,g
sedan__n04166281_263,Cars,11,sedan,g
sedan__n04166281_298,Cars,12,sedan,g
sedan__n04166281_374,Cars,13,sedan,g
sedan__n04166281_440,Cars,14,sedan,g
sedan__n04166281_739,Cars,15,sedan,g
sedan__n04166281_784,Cars,16,sedan,g
sports__n04285008_783,Cars,1,sportscar,g
sports__n04285008_407,Cars,2,sportscar,g
sports__n04285008_2280,Cars,3,sportscar,g
sports__n04285008_403,Cars,4,sportscar,g
sports__n04285008_434,Cars,5,sportscar,g
sports__n04285008_573,Cars,6,sportscar,g
sports__n04285008_744,Cars,7,sportscar,g
sports__n04285008_771,Cars,8,sportscar,g
sports__n04285008_1701,Cars,9,sportscar,g
sports__n04285008_792,Cars,10,sportscar,g
sports__n04285008_1085,Cars,11,sportscar,g
sports__n04285008_2537,Cars,12,sportscar,g
sports__n04285008_39,Cars,13,sportscar,g
sports__n04285008_79,Cars,14,sportscar,g
sports__n04285008_312,Cars,15,sportscar,g
sports__n04285008_392,Cars,16,sportscar,g
wagon__n02814533_1040,Cars,1,stationwagon,g
wagon__n02814533_911,Cars,2,stationwagon,g
wagon__n02814533_982,Cars,3,stationwagon,g
wagon__n02814533_1178,Cars,4,stationwagon,g
wagon__n02814533_64,Cars,5,stationwagon,g
wagon__n02814533_330,Cars,6,stationwagon,g
wagon__n02814533_705,Cars,7,stationwagon,g
wagon__n02814533_908,Cars,8,stationwagon,g
wagon__n02814533_35,Cars,9,stationwagon,g
wagon__n02814533_1215,Cars,10,stationwagon,g
wagon__n02814533_1294,Cars,11,stationwagon,g
wagon__n02814533_1354,Cars,12,stationwagon,g
wagon__n02814533_80,Cars,13,stationwagon,g
wagon__n02814533_105,Cars,14,stationwagon,g
wagon__n02814533_211,Cars,15,stationwagon,g
wagon__n02814533_248,Cars,16,stationwagon,g
airliner__a3,Planes,1,airliner,b
airliner__a1,Planes,2,airliner,b
airliner__a2,Planes,3,airliner,b
airliner__a4,Planes,4,airliner,b
airliner__a5,Planes,5,airliner,b
airliner__a6,Planes,6,airliner,b
airliner__a7,Planes,7,airliner,b
airliner__n02690373_1161_obj1,Planes,8,airliner,b
airliner__n02690373_1283_obj1,Planes,9,airliner,b
airliner__n02690373_2941_obj1,Planes,10,airliner,b
airliner__n02690373_4946_obj1,Planes,11,airliner,b
airliner__n02690373_6231_obj2,Planes,12,airliner,b
airliner__n02690373_6285_obj1,Planes,13,airliner,b
airliner__n02690373_7409_obj1,Planes,14,airliner,b
airliner__n02690373_7735_obj1,Planes,15,airliner,b
airliner__n02690373_8843_obj1,Planes,16,airliner,b
biplane__n02842573_6752_obj1,Planes,1,biplane,b
biplane__n02842573_10051_obj1,Planes,2,biplane,b
biplane__n02842573_14961_obj1,Planes,3,biplane,b
biplane__n02842573_3317_obj1,Planes,4,biplane,b
biplane__n02842573_3918_obj1,Planes,5,biplane,b
biplane__n02842573_4750_obj1,Planes,6,biplane,b
biplane__n02842573_5496_obj1,Planes,7,biplane,b
biplane__n02842573_7243_obj1,Planes,8,biplane,b
biplane__n02842573_6937_obj1,Planes,9,biplane,b
biplane__n02842573_9984_obj1,Planes,10,biplane,b
biplane__n02842573_10749_obj1,Planes,11,biplane,b
biplane__n02842573_21012_obj1,Planes,12,biplane,b
biplane__n02842573_702_obj1,Planes,13,biplane,b
biplane__n02842573_784_obj1,Planes,14,biplane,b
biplane__n02842573_1879_obj1,Planes,15,biplane,b
biplane__n02842573_3818_obj1,Planes,16,biplane,b
delta__n03174079_9575,Planes,1,delta,b
delta__n03174079_1199,Planes,2,delta,b
delta__n03174079_4062,Planes,3,delta,b
delta__n03174079_4329,Planes,4,delta,b
delta__n03174079_4504,Planes,5,delta,b
delta__n03174079_5058,Planes,6,delta,b
delta__n03174079_5496,Planes,7,delta,b
delta__n03174079_5869,Planes,8,delta,b
delta__n03174079_7522,Planes,9,delta,b
delta__n03174079_7718,Planes,10,delta,b
delta__n03174079_7871,Planes,11,delta,b
delta__n03174079_7968,Planes,12,delta,b
delta__n03174079_9078,Planes,13,delta,b
delta__n03174079_9367,Planes,14,delta,b
delta__ndelta__1,Planes,15,delta,b
delta__ndelta__2,Planes,16,delta,b
fighter__n03335030_9897_obj1,Planes,1,fighter,b
fighter__a1,Planes,2,fighter,b
fighter__a2,Planes,3,fighter,b
fighter__n03335030_4666_obj1,Planes,4,fighter,b
fighter__n03335030_5119_obj1,Planes,5,fighter,b
fighter__n03335030_6806_obj1,Planes,6,fighter,b
fighter__n03335030_6845_obj1,Planes,7,fighter,b
fighter__n03335030_8379_obj1,Planes,8,fighter,b
fighter__n03335030_27263_obj1,Planes,9,fighter,b
fighter__n03335030_17801_obj1,Planes,10,fighter,b
fighter__n03335030_18156_obj1,Planes,11,fighter,b
fighter__n03335030_20998_obj1,Planes,12,fighter,b
fighter__n03335030_2892_obj1,Planes,13,fighter,b
fighter__n03335030_3970_obj1,Planes,14,fighter,b
fighter__n03335030_3991_obj1,Planes,15,fighter,b
fighter__n03335030_4289_obj1,Planes,16,fighter,b
glider__n03439814_16089,Planes,1,glider,b
glider__n03439814_7616,Planes,2,glider,b
glider__n03439814_16594,Planes,3,glider,b
glider__n03439814_17417,Planes,4,glider,b
glider__n03439814_17463,Planes,5,glider,b
glider__n03439814_18055,Planes,6,glider,b
glider__n03439814_25312,Planes,7,glider,b
glider__n03439814_29,Planes,8,glider,b
glider__n03439814_3659,Planes,9,glider,b
glider__n03439814_5694,Planes,10,glider,b
glider__n03439814_9066,Planes,11,glider,b
glider__n03439814_9440,Planes,12,glider,b
glider__n03439814_12866,Planes,13,glider,b
glider__n03439814_13163,Planes,14,glider,b
glider__n03439814_15784,Planes,15,glider,b
glider__nglider__2,Planes,16,glider,b
gyro__n02759387_1590_obj1,Planes,1,gyroplane,b
gyro__n02759387_2208_obj1,Planes,2,gyroplane,b
gyro__n02759387_17666_obj1,Planes,3,gyroplane,b
gyro__n02759387_17774_obj1,Planes,4,gyroplane,b
gyro__n02759387_1470_obj1,Planes,5,gyroplane,b
gyro__n02759387_5379_obj1,Planes,6,gyroplane,b
gyro__n02759387_10099_obj1,Planes,7,gyroplane,b
gyro__n02759387_12898_obj1,Planes,8,gyroplane,b
gyro__n02759387_16498_obj1,Planes,9,gyroplane,b
gyro__n02759387_16551_obj1,Planes,10,gyroplane,b
gyro__n02759387_16553_obj1,Planes,11,gyroplane,b
gyro__n02759387_16993_obj1,Planes,12,gyroplane,b
gyro__n02759387_17277_obj1,Planes,13,gyroplane,b
gyro__n02759387_17402_obj1,Planes,14,gyroplane,b
gyro__n02759387_17461_obj1,Planes,15,gyroplane,b
gyro__n02759387_17633_obj1,Planes,16,gyroplane,b
seaplane__n04160586_6391_obj1,Planes,1,seaplane,b
seaplane__n04160586_11433_obj1,Planes,2,seaplane,b
seaplane__n04160586_21255_obj1,Planes,3,seaplane,b
seaplane__n04160586_22545_obj1,Planes,4,seaplane,b
seaplane__n04160586_24472_obj1,Planes,5,seaplane,b
seaplane__n04160586_22_obj1,Planes,6,seaplane,b
seaplane__n04160586_2413_obj1,Planes,7,seaplane,b
seaplane__n04160586_25869_obj1,Planes,8,seaplane,b
seaplane__n04160586_4463_obj1,Planes,9,seaplane,b
seaplane__n04160586_23138_obj1,Planes,10,seaplane,b
seaplane__n04160586_7237_obj1,Planes,11,seaplane,b
seaplane__n04160586_13647_obj1,Planes,12,seaplane,b
seaplane__n04160586_16578_obj1,Planes,13,seaplane,b
seaplane__n04160586_21131_obj1,Planes,14,seaplane,b
seaplane__n04160586_21667_obj1,Planes,15,seaplane,b
seaplane__n04160586_22359_obj1,Planes,16,seaplane,b
stealth__n04308084_1788_obj1,Planes,1,stealth,b
stealth__a12,Planes,2,stealth,b
stealth__a13,Planes,3,stealth,b
stealth__a14,Planes,4,stealth,b
stealth__a15,Planes,5,stealth,b
stealth__a16,Planes,6,stealth,b
stealth__n04308084_3800_obj1,Planes,7,stealth,b
stealth__n04308084_4151_obj1,Planes,8,stealth,b
stealth__n04308084_417_obj1,Planes,9,stealth,b
stealth__n04308084_1399_obj1,Planes,10,stealth,b
stealth__n04308084_652_obj1,Planes,11,stealth,b
stealth__n04308084_2009_obj1,Planes,12,stealth,b
stealth__n04308084_2038_obj1,Planes,13,stealth,b
stealth__n04308084_2728_obj1,Planes,14,stealth,b
stealth__n04308084_3427_obj1,Planes,15,stealth,b
stealth__n04308084_3578_obj1,Planes,16,stealth,b
bullet__n02917067_276,Trains,1,bullettrain,h
bullet__n02917067_200,Trains,2,bullettrain,h
bullet__n02917067_543,Trains,3,bullettrain,h
bullet__n02917067_729,Trains,4,bullettrain,h
bullet__n02917067_29,Trains,5,bullettrain,h
bullet__n02917067_71,Trains,6,bullettrain,h
bullet__n02917067_75,Trains,7,bullettrain,h
bullet__n02917067_159,Trains,8,bullettrain,h
bullet__n02917067_137,Trains,9,bullettrain,h
bullet__n02917067_281,Trains,10,bullettrain,h
bullet__n02917067_305,Trains,11,bullettrain,h
bullet__n02917067_314,Trains,12,bullettrain,h
bullet__n02917067_469,Trains,13,bullettrain,h
bullet__n02917067_501,Trains,14,bullettrain,h
bullet__n02917067_513,Trains,15,bullettrain,h
bullet__n02917067_663,Trains,16,bullettrain,h
commuter__n03078802_546,Trains,1,commutertrain,h
commuter__n03078802_290,Trains,2,commutertrain,h
commuter__n03078802_645,Trains,3,commutertrain,h
commuter__n03078802_37,Trains,4,commutertrain,h
commuter__n03078802_89,Trains,5,commutertrain,h
commuter__n03078802_105,Trains,6,commutertrain,h
commuter__n03078802_128,Trains,7,commutertrain,h
commuter__n03078802_130,Trains,8,commutertrain,h
commuter__n03078802_261,Trains,9,commutertrain,h
commuter__n03078802_288,Trains,10,commutertrain,h
commuter__n03078802_319,Trains,11,commutertrain,h
commuter__n03078802_388,Trains,12,commutertrain,h
commuter__n03078802_418,Trains,13,commutertrain,h
commuter__n03078802_560,Trains,14,commutertrain,h
commuter__n03078802_567,Trains,15,commutertrain,h
commuter__n03078802_573,Trains,16,commutertrain,h
freight__n03394480_2941,Trains,1,freighttrain,h
freight__n03394480_2083,Trains,2,freighttrain,h
freight__n03394480_79,Trains,3,freighttrain,h
freight__n03394480_130,Trains,4,freighttrain,h
freight__n03394480_412,Trains,5,freighttrain,h
freight__n03394480_943,Trains,6,freighttrain,h
freight__n03394480_1048,Trains,7,freighttrain,h
freight__n03394480_1510,Trains,8,freighttrain,h
freight__n03394480_1805,Trains,9,freighttrain,h
freight__n03394480_2710,Trains,10,freighttrain,h
freight__n03394480_883,Trains,11,freighttrain,h
freight__n03394480_104,Trains,12,freighttrain,h
freight__n03394480_209,Trains,13,freighttrain,h
freight__n03394480_339,Trains,14,freighttrain,h
freight__n03394480_398,Trains,15,freighttrain,h
freight__n03394480_697,Trains,16,freighttrain,h
incline__inclineRailwayheadsdownhill,Trains,1,inclinerailway,h
incline__187765632_169d8812d6,Trains,2,inclinerailway,h
incline__36-106,Trains,3,inclinerailway,h
incline__10346,Trains,4,inclinerailway,h
incline__blue-mountains-the-steepest-incline__-railway-sydney,Trains,5,inclinerailway,h
incline__Chattanooga-incline__-Railway-630x420,Trains,6,inclinerailway,h
incline__i10,Trains,7,inclinerailway,h
incline__i13,Trains,8,inclinerailway,h
incline__i14,Trains,9,inclinerailway,h
incline__i15,Trains,10,inclinerailway,h
incline__i16,Trains,11,inclinerailway,h
incline__INCLINE1,Trains,12,inclinerailway,h
incline__incline1a,Trains,13,inclinerailway,h
incline__incline3,Trains,14,inclinerailway,h
incline__loookout-mt,Trains,15,inclinerailway,h
incline__p506900-Chattanooga-inclineRailway_car,Trains,16,inclinerailway,h
mono__seattle-etc-monorail,Trains,1,monorail,h
mono__22be0c1201a8376f8db098d604d1_grande,Trains,2,monorail,h
mono__600-monorail,Trains,3,monorail,h
mono__800px-monorail_coral,Trains,4,monorail,h
mono__fortwilderness-transportation-monorail,Trains,5,monorail,h
mono__las-vegas-monorail5,Trains,6,monorail,h
mono__m1,Trains,7,monorail,h
mono__m2,Trains,8,monorail,h
mono__m3,Trains,9,monorail,h
mono__m4,Trains,10,monorail,h
mono__monorail_dl,Trains,11,monorail,h
mono__monorail-red,Trains,12,monorail,h
mono__monorail01,Trains,13,monorail,h
mono__monorail2,Trains,14,monorail,h
mono__monorail3,Trains,15,monorail,h
mono__monorail5,Trains,16,monorail,h
subway__n04349306_1717,Trains,1,subway,h
subway__n04349306_584,Trains,2,subway,h
subway__n04349306_700,Trains,3,subway,h
subway__n04349306_829,Trains,4,subway,h
subway__n04349306_860,Trains,5,subway,h
subway__n04349306_923,Trains,6,subway,h
subway__n04349306_931,Trains,7,subway,h
subway__n04349306_1094,Trains,8,subway,h
subway__n04349306_1442,Trains,9,subway,h
subway__n04349306_1551,Trains,10,subway,h
subway__n04349306_1553,Trains,11,subway,h
subway__n04349306_532,Trains,12,subway,h
subway__n04349306_194,Trains,13,subway,h
subway__n04349306_291,Trains,14,subway,h
subway__n04349306_343,Trains,15,subway,h
subway__n04349306_473,Trains,16,subway,h
tram__n04335435_1247,Trains,1,tram,h
tram__n04335435_451,Trains,2,tram,h
tram__n04335435_490,Trains,3,tram,h
tram__n04335435_735,Trains,4,tram,h
tram__n04335435_764,Trains,5,tram,h
tram__n04335435_1207,Trains,6,tram,h
tram__n04335435_1240,Trains,7,tram,h
tram__n04335435_282,Trains,8,tram,h
tram__n04335435_1332,Trains,9,tram,h
tram__n04335435_1691,Trains,10,tram,h
tram__n04335435_1701,Trains,11,tram,h
tram__n04335435_209,Trains,12,tram,h
tram__n04335435_235,Trains,13,tram,h
tram__n04335435_287,Trains,14,tram,h
tram__n04335435_329,Trains,15,tram,h
tram__n04335435_347,Trains,16,tram,h
trolley__n04469813_114,Trains,1,trolley,h
trolley__n04335435_161,Trains,2,trolley,h
trolley__n04335435_3415,Trains,3,trolley,h
trolley__n04335435_879,Trains,4,trolley,h
trolley__n04335435_1959,Trains,5,trolley,h
trolley__n04335435_3062,Trains,6,trolley,h
trolley__n04335435_3104,Trains,7,trolley,h
trolley__n04469813_502,Trains,8,trolley,h
trolley__n04469813_3284,Trains,9,trolley,h
trolley__n04469813_3827,Trains,10,trolley,h
trolley__n04469813_890,Trains,11,trolley,h
trolley__n04469813_1062,Trains,12,trolley,h
trolley__n04469813_1363,Trains,13,trolley,h
trolley__n04469813_1663,Trains,14,trolley,h
trolley__t1,Trains,15,trolley,h
trolley__t2,Trains,16,trolley,h
catch_a,Catch1,1,catch_a,i
catch_1,Catch1,1,catch_1,j
catch_b,Catch2,1,catch_b,k
catch_2,Catch2,1,catch_2,l
catch_c,Catch3,1,catch_c,m
catch_3,Catch3,1,catch_3,n
catch_a,Catch1,2,catch_a,i
catch_1,Catch1,2,catch_1,j
catch_b,Catch2,2,catch_b,k
catch_2,Catch2,2,catch_2,l
catch_c,Catch3,2,catch_c,m
catch_3,Catch3,2,catch_3,n
catch_a,Catch1,3,catch_a,i
catch_1,Catch1,3,catch_1,j
catch_b,Catch2,3,catch_b,k
catch_2,Catch2,3,catch_2,l
catch_c,Catch3,3,catch_c,m
catch_3,Catch3,3,catch_3,n
catch_a,Catch1,4,catch_a,i
catch_1,Catch1,4,catch_1,j
catch_b,Catch2,4,catch_b,k
catch_2,Catch2,4,catch_2,l
catch_c,Catch3,4,catch_c,m
catch_3,Catch3,4,catch_3,n
catch_a,Catch1,5,catch_a,i
catch_1,Catch1,5,catch_1,j
catch_b,Catch2,5,catch_b,k
catch_2,Catch2,5,catch_2,l
catch_c,Catch3,5,catch_c,m
catch_3,Catch3,5,catch_3,n
catch_a,Catch1,6,catch_a,i
catch_1,Catch1,6,catch_1,j
catch_b,Catch2,6,catch_b,k
catch_2,Catch2,6,catch_2,l
catch_c,Catch3,6,catch_c,m
catch_3,Catch3,6,catch_3,n
catch_a,Catch1,7,catch_a,i
catch_1,Catch1,7,catch_1,j
catch_b,Catch2,7,catch_b,k
catch_2,Catch2,7,catch_2,l
catch_c,Catch3,7,catch_c,m
catch_3,Catch3,7,catch_3,n
catch_a,Catch1,8,catch_a,i
catch_1,Catch1,8,catch_1,j
catch_b,Catch2,8,catch_b,k
catch_2,Catch2,8,catch_2,l
catch_c,Catch3,8,catch_c,m
catch_3,Catch3,8,catch_3,n
catch_a,Catch1,9,catch_a,i
catch_1,Catch1,9,catch_1,j
catch_b,Catch2,9,catch_b,k
catch_2,Catch2,9,catch_2,l
catch_c,Catch3,9,catch_c,m
catch_3,Catch3,9,catch_3,n
catch_a,Catch1,10,catch_a,i
catch_1,Catch1,10,catch_1,j
catch_b,Catch2,10,catch_b,k
catch_2,Catch2,10,catch_2,l
catch_c,Catch3,10,catch_c,m
catch_3,Catch3,10,catch_3,n
catch_a,Catch1,11,catch_a,i
catch_1,Catch1,11,catch_1,j
catch_b,Catch2,11,catch_b,k
catch_2,Catch2,11,catch_2,l
catch_c,Catch3,11,catch_c,m
catch_3,Catch3,11,catch_3,n
catch_a,Catch1,12,catch_a,i
catch_1,Catch1,12,catch_1,j
catch_b,Catch2,12,catch_b,k
catch_2,Catch2,12,catch_2,l
catch_c,Catch3,12,catch_c,m
catch_3,Catch3,12,catch_3,n
catch_a,Catch1,13,catch_a,i
catch_1,Catch1,13,catch_1,j
catch_b,Catch2,13,catch_b,k
catch_2,Catch2,13,catch_2,l
catch_c,Catch3,13,catch_c,m
catch_3,Catch3,13,catch_3,n
catch_a,Catch1,14,catch_a,i
catch_1,Catch1,14,catch_1,j
catch_b,Catch2,14,catch_b,k
catch_2,Catch2,14,catch_2,l
catch_c,Catch3,14,catch_c,m
catch_3,Catch3,14,catch_3,n
catch_a,Catch1,15,catch_a,i
catch_1,Catch1,15,catch_1,j
catch_b,Catch2,15,catch_b,k
catch_2,Catch2,15,catch_2,l
catch_c,Catch3,15,catch_c,m
catch_3,Catch3,15,catch_3,n
catch_a,Catch1,16,catch_a,i
catch_1,Catch1,16,catch_1,j
catch_b,Catch2,16,catch_b,k
catch_2,Catch2,16,catch_2,l
catch_c,Catch3,16,catch_c,m
catch_3,Catch3,16,catch_3,n